customer_id,account_id,onboard_date,segment,status
1,1304,2024-10-15,SMB,active
2,1238,2024-05-22,SMB,active
3,1466,2025-03-14,SMB,active
4,741,2024-10-20,SMB,active
5,126,2024-01-22,SMB,active
6,479,2023-08-11,SMB,active
7,1554,2023-07-06,Enterprise,active
8,1432,2025-03-26,Mid-Market,active
9,2053,2023-07-31,Mid-Market,active
10,247,2023-04-09,SMB,active
11,177,2023-11-02,Mid-Market,churned
12,1543,2023-03-29,SMB,active
13,437,2024-12-17,SMB,churned
14,2387,2023-12-26,SMB,active
15,791,2023-10-28,SMB,active
16,177,2023-11-04,Mid-Market,active
17,598,2025-02-15,SMB,active
18,2684,2023-03-27,Mid-Market,active
19,1246,2024-01-31,Enterprise,active
20,1294,2024-03-22,SMB,churned
21,3067,2025-04-22,Mid-Market,active
22,3417,2023-04-14,Mid-Market,active
23,3246,2025-03-08,SMB,active
24,1896,2025-02-03,SMB,active
25,726,2023-09-14,SMB,active
26,231,2025-03-02,Mid-Market,active
27,1357,2025-01-04,Mid-Market,active
28,3353,2025-01-07,SMB,active
29,2227,2025-03-02,Mid-Market,active
30,114,2024-07-01,SMB,active
31,652,2024-10-14,SMB,churned
32,3815,2023-12-22,SMB,churned
33,2534,2023-02-12,SMB,churned
34,3015,2024-05-22,SMB,active
35,627,2023-09-16,Mid-Market,active
36,3659,2024-11-04,Mid-Market,active
37,1976,2025-04-09,SMB,active
38,1967,2025-04-16,Enterprise,active
39,3175,2024-03-12,Mid-Market,active
40,91,2023-08-06,Mid-Market,churned
41,2622,2025-02-07,SMB,active
42,2761,2025-04-26,Mid-Market,active
43,888,2023-10-29,Enterprise,active
44,1785,2024-04-10,SMB,churned
45,1733,2023-02-26,SMB,active
46,3154,2025-01-13,SMB,churned
47,1598,2025-01-31,SMB,active
48,789,2023-10-30,Mid-Market,active
49,2678,2023-03-24,SMB,active
50,2374,2023-11-30,SMB,active
51,248,2024-11-06,Mid-Market,churned
52,2649,2025-01-23,SMB,active
53,3497,2024-03-11,SMB,active
54,2216,2023-11-01,Mid-Market,active
55,3785,2024-12-02,Mid-Market,active
56,14,2025-03-19,SMB,active
57,1521,2024-11-06,Mid-Market,active
58,2706,2024-06-01,SMB,active
59,726,2023-08-20,SMB,active
60,763,2025-01-11,SMB,active
61,187,2024-10-22,SMB,active
62,3244,2025-03-30,Mid-Market,active
63,2608,2023-04-06,Mid-Market,active
64,3230,2023-09-30,Mid-Market,active
65,3136,2023-12-13,SMB,active
66,2129,2023-03-30,SMB,active
67,2408,2024-06-14,SMB,active
68,1765,2024-01-14,Mid-Market,active
69,2504,2024-12-19,SMB,active
70,3354,2025-02-17,Mid-Market,active
71,2308,2024-02-03,Mid-Market,active
72,2908,2025-03-01,Enterprise,active
73,2441,2023-11-03,SMB,active
74,1018,2024-11-05,SMB,active
75,46,2023-02-19,Mid-Market,active
76,3459,2025-03-09,Mid-Market,churned
77,3839,2024-11-12,SMB,active
78,1465,2023-09-03,SMB,active
79,1686,2023-11-05,Mid-Market,active
80,2637,2024-10-28,Mid-Market,active
81,1321,2024-01-02,SMB,churned
82,1718,2023-05-25,SMB,active
83,2897,2024-02-14,Mid-Market,churned
84,1861,2023-04-15,Mid-Market,active
85,2695,2023-06-11,SMB,active
86,2430,2023-11-27,Mid-Market,active
87,1852,2025-01-28,SMB,active
88,2265,2025-02-10,SMB,churned
89,2513,2023-07-08,SMB,active
90,810,2024-08-29,SMB,active
91,3165,2023-08-18,SMB,active
92,1802,2024-11-23,Mid-Market,active
93,584,2023-10-10,Mid-Market,active
94,1868,2025-02-03,SMB,active
95,131,2024-09-29,SMB,active
96,1724,2023-03-17,SMB,active
97,182,2025-03-05,SMB,active
98,2386,2023-03-30,Mid-Market,churned
99,2284,2023-07-26,SMB,churned
100,3879,2024-01-14,Mid-Market,churned
101,133,2023-06-25,Enterprise,active
102,2152,2024-06-06,SMB,active
103,1388,2025-01-18,Mid-Market,active
104,2972,2025-04-12,Mid-Market,active
105,847,2024-06-04,SMB,active
106,2971,2024-10-20,SMB,active
107,1241,2024-10-09,SMB,churned
108,1610,2024-04-06,SMB,active
109,932,2024-01-16,SMB,churned
110,142,2024-06-20,SMB,churned
111,1519,2024-07-23,Mid-Market,active
112,1433,2023-05-06,Mid-Market,active
113,1470,2023-04-22,Mid-Market,active
114,2681,2024-02-28,Mid-Market,active
115,592,2025-02-18,SMB,active
116,352,2025-02-01,Enterprise,active
117,902,2024-08-16,SMB,active
118,1332,2025-01-05,SMB,active
119,1207,2024-06-25,SMB,churned
120,1374,2025-01-03,SMB,active
121,605,2024-08-26,SMB,churned
122,770,2025-04-18,SMB,active
123,24,2023-06-11,Mid-Market,active
124,679,2023-03-06,Mid-Market,active
125,3170,2023-05-01,Mid-Market,active
126,1096,2025-03-18,SMB,active
127,2672,2023-07-30,Mid-Market,active
128,3946,2023-02-21,Mid-Market,churned
129,805,2024-05-08,Mid-Market,churned
130,2453,2025-01-24,SMB,churned
131,2899,2024-02-06,Enterprise,churned
132,903,2023-06-16,SMB,active
133,2457,2024-03-29,Mid-Market,churned
134,163,2024-08-04,Enterprise,active
135,1278,2024-05-18,SMB,churned
136,2862,2024-02-12,Enterprise,active
137,3760,2025-01-16,Mid-Market,active
138,226,2024-02-06,SMB,churned
139,3324,2024-06-24,Mid-Market,active
140,2795,2025-04-03,Enterprise,active
141,3897,2025-04-06,SMB,active
142,639,2025-02-04,Mid-Market,active
143,176,2023-06-23,SMB,active
144,2576,2025-02-04,SMB,churned
145,3920,2023-01-16,Mid-Market,churned
146,2526,2023-01-07,Mid-Market,active
147,3628,2025-03-16,SMB,active
148,3020,2024-06-08,SMB,active
149,3289,2023-08-09,Mid-Market,active
150,2701,2025-02-10,SMB,active
151,459,2023-03-06,Enterprise,active
152,2761,2025-01-27,Mid-Market,active
153,726,2023-06-25,SMB,active
154,1822,2023-08-17,Mid-Market,active
155,94,2024-08-30,SMB,active
156,3161,2025-02-16,SMB,churned
157,876,2023-10-07,Mid-Market,active
158,3102,2024-09-25,SMB,active
159,1343,2024-06-16,Enterprise,active
160,3812,2025-01-31,SMB,active
161,661,2024-06-15,SMB,active
162,1257,2024-01-08,SMB,active
163,3348,2025-03-18,Mid-Market,churned
164,630,2023-01-31,SMB,active
165,3,2023-08-30,SMB,active
166,716,2025-01-13,SMB,active
167,3665,2023-11-28,SMB,active
168,1040,2025-04-04,Mid-Market,churned
169,1004,2023-02-06,Mid-Market,active
170,2949,2023-09-05,SMB,churned
171,1816,2023-04-01,SMB,active
172,1351,2024-03-30,SMB,active
173,1019,2023-10-05,Mid-Market,active
174,2498,2024-04-22,SMB,active
175,601,2024-09-19,Mid-Market,active
176,2795,2025-03-09,Enterprise,active
177,2191,2024-06-12,Mid-Market,active
178,2890,2024-05-28,Mid-Market,active
179,821,2023-05-04,SMB,active
180,392,2024-08-06,SMB,active
181,1170,2023-01-12,SMB,active
182,279,2023-02-17,SMB,churned
183,3020,2024-09-08,SMB,active
184,162,2024-04-13,SMB,active
185,1630,2023-11-06,SMB,active
186,2870,2025-03-22,SMB,active
187,2671,2024-02-09,Enterprise,active
188,2990,2023-07-12,Mid-Market,churned
189,406,2024-05-08,Mid-Market,active
190,2294,2023-09-11,Mid-Market,active
191,3736,2023-05-13,SMB,active
192,385,2024-12-20,Mid-Market,active
193,3372,2024-08-12,SMB,active
194,1670,2025-02-22,SMB,active
195,426,2023-07-09,Mid-Market,active
196,1431,2025-03-08,SMB,active
197,496,2025-03-12,SMB,active
198,2152,2025-01-09,SMB,active
199,147,2025-03-06,Mid-Market,active
200,2423,2025-03-11,Mid-Market,active
201,2708,2024-08-08,SMB,churned
202,3794,2024-03-05,SMB,active
203,3794,2024-02-10,SMB,active
204,140,2024-01-04,Mid-Market,active
205,520,2023-12-12,Enterprise,active
206,3549,2025-03-12,SMB,active
207,3753,2025-03-03,SMB,active
208,3998,2023-04-11,Mid-Market,active
209,2492,2024-10-15,SMB,churned
210,2197,2024-03-12,SMB,active
211,5,2023-08-08,SMB,churned
212,213,2025-03-10,Mid-Market,active
213,266,2025-01-13,SMB,churned
214,2792,2023-11-20,SMB,churned
215,3880,2023-08-16,SMB,churned
216,1307,2023-04-29,SMB,active
217,1540,2024-10-23,SMB,churned
218,505,2024-03-24,SMB,active
219,866,2023-05-03,Mid-Market,active
220,1517,2023-05-01,SMB,active
221,732,2025-03-12,SMB,active
222,2365,2024-07-23,SMB,churned
223,1035,2023-04-28,SMB,active
224,1360,2023-11-07,Mid-Market,active
225,1596,2023-10-05,Mid-Market,active
226,2935,2025-02-03,SMB,active
227,2135,2024-06-02,SMB,active
228,982,2023-09-24,Enterprise,active
229,1988,2023-04-12,Mid-Market,active
230,2136,2025-04-15,SMB,active
231,3807,2023-08-20,SMB,active
232,844,2024-06-18,SMB,active
233,3848,2024-06-07,SMB,active
234,1665,2023-09-12,SMB,active
235,209,2023-02-14,Mid-Market,active
236,2341,2024-08-10,SMB,active
237,548,2024-10-18,Mid-Market,active
238,1724,2023-04-10,SMB,active
239,1608,2024-11-22,SMB,churned
240,2652,2023-07-02,Mid-Market,active
241,551,2023-05-03,SMB,active
242,1260,2023-12-04,SMB,active
243,3009,2023-05-11,SMB,active
244,1695,2025-02-15,SMB,active
245,2523,2024-01-02,SMB,churned
246,3720,2023-03-31,SMB,active
247,385,2024-12-31,Mid-Market,active
248,3354,2025-02-28,Mid-Market,churned
249,2073,2025-03-22,SMB,active
250,2707,2024-11-16,Mid-Market,active
251,2191,2025-01-19,Mid-Market,active
252,3835,2024-10-08,Mid-Market,active
253,840,2023-03-24,SMB,active
254,1233,2024-01-20,SMB,active
255,744,2024-02-17,SMB,active
256,786,2024-07-18,SMB,active
257,2607,2025-03-08,SMB,active
258,1762,2025-01-14,SMB,churned
259,2323,2025-03-23,Mid-Market,churned
260,2861,2024-04-02,Mid-Market,active
261,926,2023-08-08,SMB,active
262,3637,2024-09-28,SMB,active
263,1587,2024-06-01,SMB,active
264,3830,2024-01-01,SMB,churned
265,453,2025-03-24,Mid-Market,active
266,2626,2023-09-23,SMB,active
267,3526,2023-06-16,Mid-Market,active
268,2195,2024-04-09,Mid-Market,active
269,3274,2025-04-11,Mid-Market,active
270,587,2025-03-21,Mid-Market,active
271,2626,2025-04-17,SMB,churned
272,223,2024-11-03,SMB,active
273,3436,2023-01-19,Mid-Market,active
274,1849,2025-03-17,Mid-Market,active
275,3792,2023-03-17,SMB,active
276,1816,2025-03-08,SMB,active
277,1750,2024-03-28,Enterprise,active
278,2991,2025-02-15,SMB,active
279,2100,2024-09-10,Enterprise,active
280,1719,2024-12-19,SMB,active
281,663,2023-11-25,SMB,churned
282,1156,2024-04-11,SMB,active
283,2054,2024-01-03,SMB,churned
284,2416,2023-11-19,SMB,active
285,11,2025-04-27,SMB,active
286,1151,2025-01-28,Mid-Market,churned
287,3237,2025-03-02,SMB,active
288,871,2025-01-26,Mid-Market,active
289,1591,2024-10-01,SMB,active
290,1743,2023-03-24,Mid-Market,active
291,984,2024-05-26,Mid-Market,active
292,1467,2025-03-15,SMB,churned
293,1213,2024-02-09,SMB,active
294,3620,2024-10-28,SMB,active
295,3971,2024-02-29,SMB,active
296,953,2024-03-27,Mid-Market,active
297,2047,2024-03-08,Mid-Market,active
298,2535,2023-11-08,Mid-Market,churned
299,326,2024-01-10,SMB,churned
300,1046,2024-07-31,SMB,churned
301,2370,2024-04-24,SMB,active
302,695,2024-08-01,SMB,churned
303,1233,2023-12-12,SMB,active
304,3249,2024-09-04,SMB,active
305,698,2024-12-10,SMB,active
306,1708,2024-04-21,SMB,churned
307,1589,2024-02-15,SMB,active
308,3779,2024-11-08,SMB,active
309,776,2024-02-14,SMB,active
310,3673,2025-03-31,SMB,active
311,956,2023-04-27,SMB,active
312,150,2023-11-18,SMB,active
313,2373,2025-03-03,SMB,active
314,3947,2024-07-14,SMB,churned
315,1316,2024-02-04,Enterprise,churned
316,594,2025-03-15,SMB,active
317,3265,2023-09-23,Enterprise,active
318,521,2025-04-02,Enterprise,active
319,1447,2023-03-06,SMB,active
320,2139,2025-03-28,Mid-Market,active
321,3482,2025-02-07,Enterprise,active
322,3089,2024-09-30,SMB,active
323,930,2025-02-27,Mid-Market,active
324,229,2023-12-13,Mid-Market,active
325,791,2023-12-10,SMB,churned
326,3752,2023-03-10,Mid-Market,active
327,3047,2024-11-04,SMB,active
328,1466,2025-04-07,SMB,active
329,2306,2023-06-13,SMB,active
330,3419,2025-01-24,SMB,active
331,3317,2023-04-28,SMB,churned
332,3526,2023-06-07,Mid-Market,active
333,2622,2025-04-10,SMB,active
334,2978,2023-12-27,SMB,active
335,815,2024-12-12,SMB,active
336,875,2025-02-03,SMB,churned
337,890,2025-01-16,SMB,churned
338,2017,2024-02-26,SMB,active
339,673,2023-05-20,SMB,active
340,3206,2024-03-17,Enterprise,active
341,1182,2023-04-16,SMB,active
342,3157,2023-03-10,SMB,active
343,3737,2024-02-06,SMB,active
344,3894,2024-03-05,Mid-Market,active
345,935,2025-03-28,Mid-Market,active
346,3695,2023-03-26,Enterprise,active
347,179,2025-02-09,SMB,churned
348,3077,2024-06-04,Mid-Market,active
349,2778,2024-06-06,Mid-Market,active
350,1985,2024-01-07,SMB,active
351,154,2025-02-01,SMB,active
352,3446,2024-04-13,SMB,churned
353,2495,2024-11-22,SMB,active
354,1102,2023-01-19,Enterprise,active
355,1789,2025-01-16,SMB,active
356,1294,2024-03-22,SMB,active
357,1392,2025-04-10,SMB,active
358,589,2023-04-01,SMB,churned
359,3304,2024-08-21,SMB,churned
360,2971,2023-03-13,SMB,active
361,466,2025-02-20,SMB,active
362,3961,2024-10-30,SMB,active
363,3470,2024-04-29,Enterprise,churned
364,3710,2023-02-14,SMB,active
365,2712,2024-09-17,SMB,active
366,2419,2024-01-28,SMB,active
367,807,2023-10-08,SMB,active
368,1288,2024-08-12,SMB,active
369,3243,2023-09-11,SMB,active
370,312,2023-07-13,Mid-Market,active
371,3903,2025-02-07,SMB,active
372,297,2024-04-27,SMB,churned
373,60,2024-10-03,SMB,active
374,3338,2023-10-16,SMB,active
375,1440,2024-02-04,SMB,churned
376,2614,2023-11-06,SMB,active
377,1501,2024-10-20,SMB,active
378,2820,2024-03-13,SMB,active
379,811,2023-06-14,Mid-Market,active
380,3931,2024-04-28,SMB,active
381,2832,2025-03-24,Mid-Market,active
382,64,2023-09-27,SMB,churned
383,2362,2024-09-23,SMB,active
384,2531,2023-11-27,SMB,active
385,2597,2023-12-26,SMB,active
386,2623,2024-12-08,SMB,active
387,3663,2025-04-10,SMB,active
388,2652,2024-06-12,Mid-Market,active
389,3991,2024-07-21,SMB,active
390,2126,2023-12-18,SMB,active
391,2310,2024-01-20,Mid-Market,active
392,644,2024-06-07,SMB,active
393,2014,2023-06-26,Mid-Market,churned
394,271,2023-11-06,SMB,active
395,2731,2023-03-07,SMB,active
396,1,2023-02-25,Mid-Market,churned
397,2544,2023-05-28,SMB,active
398,3270,2023-08-27,Mid-Market,active
399,2716,2023-11-04,SMB,active
400,1186,2024-06-17,SMB,churned
401,369,2025-02-06,Mid-Market,active
402,407,2023-03-17,Mid-Market,active
403,3749,2023-04-05,SMB,active
404,716,2025-02-08,SMB,active
405,3017,2025-01-23,Enterprise,active
406,2009,2024-05-24,Mid-Market,churned
407,635,2024-07-26,Mid-Market,active
408,3905,2023-09-10,Mid-Market,churned
409,1888,2024-03-12,SMB,active
410,3787,2025-02-16,Mid-Market,active
411,3695,2023-04-27,Enterprise,active
412,3714,2025-01-10,SMB,churned
413,2078,2024-10-16,Mid-Market,active
414,3766,2024-10-23,SMB,active
415,2540,2024-10-11,Mid-Market,active
416,3628,2025-02-27,SMB,active
417,30,2024-06-11,SMB,active
418,2652,2025-02-28,Mid-Market,active
419,2823,2025-04-16,SMB,active
420,1171,2023-04-24,SMB,active
421,1626,2024-06-21,SMB,active
422,3328,2025-02-24,SMB,active
423,3847,2025-01-24,SMB,churned
424,2993,2023-02-24,SMB,churned
425,452,2023-08-10,SMB,active
426,2534,2024-02-20,SMB,active
427,1399,2025-04-12,SMB,active
428,2311,2025-01-23,SMB,active
429,342,2023-03-22,Mid-Market,active
430,3324,2024-06-28,Mid-Market,active
431,1742,2025-04-17,SMB,active
432,151,2024-08-02,SMB,active
433,1086,2024-11-08,SMB,active
434,396,2025-01-08,Mid-Market,churned
435,579,2025-01-21,SMB,active
436,2051,2023-12-13,SMB,active
437,2746,2024-12-21,Mid-Market,active
438,1988,2023-03-22,Mid-Market,active
439,1662,2025-01-14,Mid-Market,churned
440,1061,2024-07-10,SMB,active
441,2133,2024-01-10,SMB,active
442,538,2024-08-24,Mid-Market,churned
443,3148,2024-08-26,SMB,active
444,1980,2024-09-01,Mid-Market,active
445,3881,2024-05-11,SMB,active
446,2587,2023-02-02,Enterprise,churned
447,3169,2023-03-12,SMB,active
448,2618,2023-03-26,SMB,churned
449,3097,2024-08-29,SMB,active
450,2412,2025-01-14,Mid-Market,churned
451,2899,2025-02-02,Enterprise,churned
452,2750,2024-12-29,SMB,active
453,1297,2023-07-06,SMB,active
454,3862,2024-10-11,SMB,active
455,3349,2025-02-22,SMB,active
456,4,2024-04-28,SMB,churned
457,3293,2024-07-12,SMB,active
458,883,2023-02-14,SMB,churned
459,2962,2025-01-15,SMB,active
460,451,2023-12-12,SMB,active
461,1360,2023-10-22,Mid-Market,active
462,1792,2024-03-15,SMB,active
463,440,2024-03-19,SMB,active
464,1689,2024-03-10,SMB,active
465,2892,2024-01-12,Mid-Market,churned
466,1753,2024-11-02,SMB,churned
467,253,2023-04-22,Mid-Market,active
468,2403,2024-05-12,SMB,active
469,1692,2025-02-23,SMB,active
470,1799,2025-01-08,Mid-Market,churned
471,1787,2024-11-18,Enterprise,active
472,3430,2023-04-24,SMB,active
473,1740,2023-02-16,SMB,active
474,2068,2023-05-18,SMB,active
475,2691,2023-04-16,Mid-Market,active
476,1904,2023-11-13,SMB,active
477,3438,2023-12-31,SMB,active
478,617,2025-04-13,Mid-Market,active
479,3411,2023-02-01,SMB,active
480,3015,2024-05-07,SMB,active
481,856,2023-06-03,SMB,active
482,3859,2024-10-07,SMB,active
483,1432,2025-02-02,Mid-Market,active
484,118,2025-04-08,SMB,active
485,2045,2025-03-03,SMB,active
486,3794,2024-01-28,SMB,active
487,2972,2025-04-12,Mid-Market,active
488,2105,2025-02-26,SMB,active
489,59,2024-08-29,Enterprise,active
490,2609,2024-10-20,Mid-Market,churned
491,1668,2023-02-15,SMB,active
492,3199,2024-05-08,Enterprise,active
493,1909,2025-03-03,SMB,active
494,1707,2024-04-20,Mid-Market,active
495,2999,2024-10-27,Mid-Market,active
496,825,2025-04-04,SMB,active
497,3386,2024-12-16,Mid-Market,active
498,38,2024-05-15,SMB,churned
499,1789,2025-01-10,SMB,active
500,46,2023-02-05,Mid-Market,active
501,3896,2024-08-21,Mid-Market,churned
502,101,2024-12-12,SMB,active
503,3175,2024-03-29,Mid-Market,active
504,2450,2023-05-07,SMB,active
505,1108,2023-10-13,Enterprise,active
506,3874,2023-02-27,SMB,active
507,3920,2023-01-31,Mid-Market,active
508,1320,2023-04-16,SMB,active
509,1296,2024-09-02,SMB,active
510,899,2023-05-11,Enterprise,active
511,2221,2023-10-14,Enterprise,active
512,3970,2025-02-22,SMB,active
513,1373,2024-06-17,Mid-Market,active
514,2400,2023-05-01,SMB,active
515,728,2024-08-09,Mid-Market,active
516,3557,2024-01-24,Mid-Market,active
517,297,2023-03-17,SMB,active
518,2610,2024-09-07,SMB,churned
519,2149,2024-03-08,Mid-Market,churned
520,1860,2024-07-07,SMB,active
521,3184,2023-12-17,Mid-Market,active
522,1864,2023-05-27,SMB,active
523,1925,2025-02-28,Mid-Market,active
524,1673,2024-06-21,Mid-Market,active
525,3922,2025-02-26,SMB,active
526,525,2025-01-26,SMB,active
527,3104,2023-03-08,SMB,active
528,1928,2023-03-27,Enterprise,active
529,1258,2023-12-05,SMB,active
530,181,2025-03-02,Mid-Market,active
531,211,2024-07-12,Enterprise,churned
532,447,2024-04-24,Mid-Market,churned
533,2021,2023-12-10,Mid-Market,active
534,1771,2024-09-28,SMB,churned
535,3926,2023-10-06,Mid-Market,active
536,1748,2023-11-18,SMB,active
537,22,2024-07-01,SMB,active
538,2200,2024-09-26,SMB,active
539,3546,2025-03-21,SMB,churned
540,2334,2024-09-27,SMB,active
541,2563,2023-05-03,SMB,churned
542,826,2024-05-27,Mid-Market,active
543,2751,2023-01-06,Mid-Market,active
544,669,2025-04-18,SMB,active
545,1943,2024-05-16,SMB,churned
546,2492,2024-11-04,SMB,active
547,2676,2023-10-14,SMB,active
548,2773,2025-03-09,Mid-Market,churned
549,561,2024-03-11,SMB,active
550,3051,2025-02-13,SMB,active
551,2034,2024-11-27,SMB,active
552,32,2024-02-16,Mid-Market,active
553,2227,2025-02-23,Mid-Market,active
554,2796,2024-05-11,SMB,active
555,1415,2024-05-23,Mid-Market,active
556,207,2023-07-17,Mid-Market,active
557,516,2024-12-03,Mid-Market,active
558,2093,2024-10-05,Enterprise,active
559,53,2024-10-13,SMB,active
560,3675,2024-02-22,Mid-Market,active
561,1252,2025-02-17,Mid-Market,churned
562,1270,2024-12-23,SMB,churned
563,132,2024-02-22,SMB,active
564,907,2024-08-06,SMB,churned
565,969,2024-01-30,Enterprise,active
566,3100,2024-01-08,SMB,churned
567,3403,2024-02-08,SMB,churned
568,1107,2024-04-30,SMB,active
569,2195,2024-04-25,Mid-Market,active
570,966,2025-02-09,SMB,churned
571,185,2023-09-23,SMB,active
572,3960,2023-12-10,SMB,active
573,1555,2025-01-23,SMB,active
574,3317,2023-01-20,SMB,active
575,53,2024-07-21,SMB,active
576,674,2024-02-26,Enterprise,active
577,690,2024-08-16,Mid-Market,active
578,1913,2023-11-07,SMB,active
579,987,2023-03-29,SMB,active
580,2496,2023-12-23,Mid-Market,churned
581,3089,2025-01-23,SMB,active
582,1174,2023-02-22,Mid-Market,active
583,2544,2023-02-27,SMB,active
584,696,2023-03-28,Mid-Market,active
585,1925,2025-03-27,Mid-Market,active
586,3979,2025-01-11,Mid-Market,active
587,3196,2024-01-27,Mid-Market,active
588,3952,2023-02-03,SMB,active
589,582,2023-02-19,SMB,active
590,1946,2025-02-18,SMB,active
591,1533,2024-12-13,Mid-Market,active
592,3489,2025-01-08,SMB,churned
593,1404,2025-02-18,SMB,churned
594,2230,2025-03-16,SMB,active
595,2915,2024-03-13,SMB,active
596,242,2025-01-27,SMB,active
597,2892,2024-01-28,Mid-Market,active
598,2785,2025-02-21,Mid-Market,active
599,3697,2025-02-14,SMB,active
600,3945,2023-01-24,Mid-Market,active
601,1146,2024-09-03,Mid-Market,active
602,2595,2025-01-16,SMB,active
603,715,2025-01-10,Mid-Market,churned
604,2446,2023-10-13,SMB,active
605,2712,2024-09-09,SMB,active
606,2690,2024-08-27,SMB,active
607,2790,2024-11-04,Mid-Market,active
608,92,2025-01-29,SMB,active
609,1996,2025-01-03,Mid-Market,active
610,3585,2025-03-26,SMB,active
611,937,2024-04-02,SMB,active
612,2381,2025-01-04,SMB,active
613,1806,2023-08-11,SMB,active
614,1346,2025-04-24,SMB,churned
615,504,2024-08-14,SMB,churned
616,149,2024-12-14,Mid-Market,active
617,3536,2025-02-01,SMB,active
618,790,2023-11-14,SMB,active
619,3035,2025-04-06,SMB,active
620,2343,2024-03-23,SMB,active
621,1772,2025-03-12,SMB,churned
622,2253,2023-04-24,SMB,active
623,2099,2023-02-05,SMB,active
624,760,2024-08-09,SMB,active
625,3799,2025-02-14,SMB,churned
626,2001,2024-08-07,SMB,active
627,812,2023-12-23,Mid-Market,active
628,2420,2025-01-23,Enterprise,active
629,3822,2024-01-25,SMB,active
630,1787,2024-08-30,Enterprise,active
631,2046,2025-02-15,SMB,active
632,341,2024-09-23,Enterprise,churned
633,3724,2023-04-27,Enterprise,active
634,1649,2025-01-07,SMB,active
635,1062,2024-08-28,Enterprise,churned
636,812,2023-10-22,Mid-Market,active
637,2477,2025-01-09,Mid-Market,active
638,3982,2023-02-04,SMB,active
639,3640,2025-03-30,SMB,active
640,2734,2023-12-25,SMB,active
641,789,2023-09-18,Mid-Market,active
642,779,2023-01-12,Enterprise,active
643,2213,2023-04-05,SMB,active
644,2888,2024-05-17,SMB,churned
645,2691,2023-06-16,Mid-Market,active
646,3057,2023-12-18,Mid-Market,active
647,1444,2023-03-12,SMB,active
648,3204,2025-02-12,Mid-Market,active
649,2761,2025-03-18,Mid-Market,active
650,3977,2024-03-18,SMB,active
651,1716,2025-01-04,SMB,active
652,1538,2025-01-08,SMB,active
653,3142,2025-02-05,SMB,active
654,814,2025-04-03,SMB,active
655,1099,2024-06-30,SMB,active
656,2668,2025-02-05,SMB,churned
657,513,2023-07-03,SMB,active
658,820,2023-12-06,SMB,churned
659,136,2024-03-10,SMB,active
660,3838,2023-11-08,SMB,active
661,2754,2023-02-19,Mid-Market,churned
662,3349,2025-01-06,SMB,churned
663,3666,2023-11-14,SMB,churned
664,226,2024-02-27,SMB,active
665,1404,2025-02-06,SMB,active
666,126,2023-12-18,SMB,active
667,1497,2024-08-02,SMB,active
668,3620,2024-12-02,SMB,active
669,1530,2025-02-04,SMB,active
670,1702,2025-02-21,Mid-Market,active
671,790,2024-05-06,SMB,active
672,325,2025-02-15,SMB,active
673,1607,2023-05-08,SMB,active
674,2552,2023-08-18,SMB,active
675,835,2024-01-25,SMB,active
676,2521,2023-03-31,SMB,active
677,389,2024-01-24,SMB,active
678,1662,2025-02-24,Mid-Market,active
679,641,2025-04-11,Mid-Market,active
680,2649,2024-12-29,SMB,churned
681,1399,2025-02-19,SMB,active
682,2507,2023-11-01,Mid-Market,active
683,921,2024-01-12,Enterprise,active
684,2736,2024-08-28,SMB,churned
685,2360,2024-12-18,SMB,active
686,1121,2023-01-17,SMB,active
687,1665,2024-08-15,SMB,active
688,3659,2024-11-10,Mid-Market,active
689,2959,2025-01-24,SMB,active
690,1222,2024-07-28,SMB,churned
691,2723,2025-02-15,SMB,active
692,1252,2025-03-04,Mid-Market,active
693,2902,2025-03-16,SMB,active
694,3947,2024-06-18,SMB,active
695,1388,2025-04-01,Mid-Market,active
696,2381,2025-01-26,SMB,active
697,1908,2023-08-10,SMB,active
698,2902,2025-04-09,SMB,active
699,207,2023-08-11,Mid-Market,active
700,1894,2023-01-21,SMB,churned
701,909,2023-04-28,Mid-Market,active
702,3266,2024-12-29,SMB,active
703,4,2023-12-19,SMB,active
704,2551,2024-06-27,Mid-Market,churned
705,3574,2024-02-23,Mid-Market,active
706,552,2025-02-17,SMB,active
707,163,2024-10-20,Enterprise,active
708,3179,2024-10-16,Mid-Market,churned
709,828,2024-10-20,SMB,active
710,2423,2025-03-29,Mid-Market,active
711,2444,2025-02-03,SMB,active
712,654,2025-04-15,Mid-Market,active
713,169,2024-07-28,SMB,active
714,1729,2023-05-21,Mid-Market,active
715,200,2024-09-23,SMB,active
716,250,2024-11-21,Mid-Market,active
717,3901,2023-11-15,SMB,active
718,2402,2023-07-17,SMB,active
719,2753,2023-12-20,SMB,churned
720,1599,2024-06-17,Mid-Market,churned
721,1459,2024-01-04,SMB,active
722,1976,2025-01-19,SMB,active
723,3291,2023-06-13,SMB,active
724,1150,2024-05-04,SMB,active
725,3337,2025-03-08,SMB,active
726,2298,2023-11-16,SMB,active
727,1146,2024-11-27,Mid-Market,active
728,4,2024-03-24,SMB,active
729,1080,2023-10-24,SMB,active
730,2800,2025-03-14,SMB,active
731,327,2024-04-25,Mid-Market,active
732,635,2023-08-09,Mid-Market,active
733,379,2025-01-21,SMB,active
734,1653,2024-09-13,SMB,active
735,2891,2025-02-07,SMB,active
736,1294,2024-01-02,SMB,active
737,2323,2025-02-02,Mid-Market,active
738,3937,2023-09-03,SMB,active
739,2930,2024-03-05,SMB,churned
740,874,2025-02-19,SMB,active
741,3510,2024-03-03,SMB,active
742,169,2025-02-17,SMB,active
743,3959,2023-04-15,Mid-Market,active
744,3791,2023-06-30,SMB,active
745,1004,2023-02-12,Mid-Market,active
746,557,2025-02-16,SMB,active
747,1678,2024-06-25,SMB,churned
748,2953,2024-01-16,Mid-Market,churned
749,2505,2023-04-20,Enterprise,active
750,2946,2025-03-11,Mid-Market,active
751,1765,2024-01-15,Mid-Market,churned
752,1545,2023-01-20,SMB,active
753,2440,2024-10-11,SMB,active
754,847,2024-06-04,SMB,active
755,2385,2023-11-04,SMB,active
756,488,2025-04-24,SMB,churned
757,1325,2024-01-12,Mid-Market,active
758,1518,2024-10-18,Mid-Market,active
759,2834,2025-04-06,SMB,active
760,3136,2023-12-15,SMB,churned
761,3898,2023-12-21,SMB,active
762,84,2023-02-21,SMB,active
763,2923,2023-01-22,Mid-Market,active
764,3561,2024-01-20,SMB,active
765,932,2023-07-19,SMB,active
766,1752,2024-06-19,Mid-Market,active
767,3695,2023-04-10,Enterprise,churned
768,727,2023-08-19,SMB,active
769,2159,2024-01-20,SMB,active
770,3996,2025-02-21,Mid-Market,active
771,567,2024-08-31,Mid-Market,active
772,2211,2025-02-12,Mid-Market,active
773,2911,2024-04-02,Mid-Market,active
774,2666,2023-02-08,SMB,active
775,1838,2025-04-21,SMB,active
776,2152,2024-11-23,SMB,active
777,1738,2023-05-02,SMB,active
778,2746,2024-11-20,Mid-Market,active
779,2256,2025-04-11,Enterprise,active
780,413,2024-10-17,Mid-Market,active
781,200,2024-01-20,SMB,active
782,1530,2025-04-18,SMB,active
783,3566,2023-09-27,SMB,churned
784,3272,2024-10-13,SMB,active
785,1948,2023-04-03,SMB,churned
786,2982,2024-05-20,Mid-Market,active
787,1547,2024-07-16,SMB,active
788,141,2025-02-09,SMB,active
789,1910,2023-12-10,SMB,churned
790,2161,2025-03-20,SMB,active
791,564,2023-09-22,SMB,active
792,2860,2024-05-07,SMB,active
793,2522,2025-01-24,Mid-Market,active
794,3154,2025-01-23,SMB,active
795,3176,2024-12-05,Mid-Market,active
796,2780,2023-10-02,SMB,active
797,2123,2023-03-05,SMB,active
798,1837,2024-09-03,SMB,active
799,3496,2024-09-07,Mid-Market,active
800,2031,2023-03-30,SMB,active
801,2977,2023-10-10,SMB,active
802,1228,2023-09-05,SMB,churned
803,886,2025-02-02,Enterprise,churned
804,3716,2023-04-26,SMB,active
805,1071,2024-02-26,SMB,active
806,605,2025-02-19,SMB,active
807,169,2025-03-10,SMB,active
808,324,2023-08-07,SMB,active
809,2363,2023-09-26,Mid-Market,active
810,1137,2023-04-15,SMB,churned
811,1449,2023-12-13,Mid-Market,active
812,3920,2023-10-19,Mid-Market,active
813,3848,2024-06-25,SMB,active
814,3941,2024-12-26,Mid-Market,active
815,2238,2023-07-14,Mid-Market,active
816,2539,2024-05-06,Mid-Market,active
817,1285,2024-09-01,Mid-Market,active
818,955,2024-10-06,SMB,active
819,1463,2025-03-03,Mid-Market,active
820,33,2023-10-21,SMB,active
821,2225,2023-02-23,Mid-Market,active
822,1504,2025-01-03,SMB,churned
823,2465,2023-12-14,Mid-Market,active
824,3610,2025-04-22,Mid-Market,active
825,3636,2023-08-12,SMB,active
826,3637,2024-06-21,SMB,active
827,3504,2024-06-13,SMB,active
828,3700,2024-09-13,Mid-Market,churned
829,3470,2023-01-30,Enterprise,churned
830,2359,2024-03-30,Mid-Market,active
831,2656,2024-03-03,SMB,active
832,2899,2025-04-22,Enterprise,active
833,834,2024-06-28,Mid-Market,churned
834,3953,2024-08-11,Mid-Market,active
835,1608,2024-09-28,SMB,churned
836,2900,2025-04-25,Mid-Market,active
837,1954,2025-02-18,SMB,active
838,986,2024-10-17,SMB,churned
839,2721,2025-03-21,SMB,active
840,2946,2024-12-27,Mid-Market,active
841,3196,2024-01-04,Mid-Market,active
842,1174,2024-08-30,Mid-Market,active
843,657,2025-03-26,SMB,active
844,1908,2023-06-12,SMB,active
845,1900,2024-08-17,SMB,active
846,797,2023-03-22,SMB,active
847,2484,2023-02-26,SMB,active
848,1903,2025-03-23,Mid-Market,active
849,158,2024-02-27,Mid-Market,active
850,3644,2025-01-25,Mid-Market,active
851,3027,2024-06-17,Mid-Market,active
852,1395,2023-06-05,Mid-Market,active
853,1623,2024-10-05,SMB,active
854,3481,2025-01-14,SMB,active
855,2331,2024-12-05,SMB,active
856,119,2024-10-02,Mid-Market,churned
857,3741,2024-02-03,SMB,active
858,1493,2024-12-17,SMB,active
859,2235,2025-02-12,SMB,churned
860,2119,2025-01-05,SMB,active
861,1315,2023-01-10,SMB,active
862,1421,2023-07-24,SMB,active
863,3822,2023-11-16,SMB,active
864,1310,2023-06-13,SMB,churned
865,2002,2024-08-04,Mid-Market,active
866,1882,2024-08-12,SMB,active
867,1833,2025-02-15,SMB,active
868,229,2024-01-22,Mid-Market,active
869,1470,2023-02-09,Mid-Market,active
870,613,2023-05-10,SMB,churned
871,213,2025-02-21,Mid-Market,churned
872,2909,2023-12-27,SMB,churned
873,114,2024-07-31,SMB,active
874,332,2023-09-19,SMB,churned
875,2381,2024-11-27,SMB,churned
876,2155,2024-06-02,Mid-Market,active
877,2586,2025-02-16,Mid-Market,active
878,1892,2023-10-25,Enterprise,churned
879,2093,2024-07-17,Enterprise,active
880,2685,2025-02-04,SMB,active
881,897,2023-12-31,Mid-Market,active
882,895,2024-07-06,SMB,active
883,3473,2023-01-26,Mid-Market,active
884,2768,2023-01-25,SMB,churned
885,3814,2023-06-11,SMB,active
886,124,2023-07-25,SMB,active
887,3547,2024-02-17,SMB,active
888,2938,2023-05-30,Enterprise,active
889,3730,2023-12-18,SMB,active
890,1370,2023-05-21,SMB,active
891,2666,2023-05-01,SMB,active
892,3127,2025-03-13,SMB,active
893,482,2023-10-06,SMB,active
894,417,2025-03-28,Mid-Market,churned
895,2604,2023-01-28,SMB,active
896,130,2024-09-07,Enterprise,churned
897,1818,2023-02-03,Mid-Market,active
898,2419,2024-11-12,SMB,active
899,3260,2023-09-20,SMB,active
900,2431,2025-03-16,SMB,active
901,3613,2023-02-15,SMB,churned
902,1726,2023-11-04,SMB,active
903,3125,2025-01-10,SMB,active
904,1702,2025-01-14,Mid-Market,active
905,87,2024-10-08,SMB,active
906,2247,2024-08-04,SMB,active
907,2106,2024-12-11,Mid-Market,churned
908,2983,2023-09-12,Enterprise,active
909,2339,2024-08-27,SMB,active
910,3186,2025-03-04,Enterprise,active
911,945,2023-10-07,SMB,active
912,838,2024-09-30,SMB,churned
913,458,2025-04-20,Mid-Market,churned
914,1187,2023-12-07,Enterprise,active
915,1722,2023-11-18,SMB,active
916,1670,2025-04-21,SMB,active
917,1865,2023-04-15,SMB,active
918,3069,2025-02-17,SMB,churned
919,1993,2023-06-13,SMB,active
920,2288,2023-09-07,SMB,active
921,1504,2023-10-18,SMB,active
922,925,2023-08-30,SMB,active
923,3340,2024-12-17,SMB,active
924,2347,2025-04-26,Mid-Market,active
925,3352,2023-04-19,SMB,active
926,1070,2024-08-15,Mid-Market,active
927,3320,2023-01-17,SMB,active
928,496,2025-02-25,SMB,churned
929,2776,2024-04-20,SMB,churned
930,3782,2024-08-30,SMB,active
931,2472,2024-03-16,SMB,churned
932,1825,2024-03-12,SMB,active
933,342,2023-04-27,Mid-Market,active
934,2380,2023-05-18,SMB,churned
935,2559,2023-05-18,SMB,active
936,2251,2024-12-08,SMB,active
937,3412,2023-01-28,SMB,active
938,2631,2023-08-13,Mid-Market,active
939,2232,2024-11-19,SMB,churned
940,2198,2024-04-24,SMB,active
941,960,2023-12-21,SMB,churned
942,3287,2023-01-21,SMB,churned
943,1809,2023-11-30,Enterprise,active
944,3944,2023-10-08,SMB,active
945,2578,2023-03-25,Mid-Market,active
946,1989,2024-11-27,SMB,active
947,2098,2023-04-18,Mid-Market,active
948,214,2023-03-09,Mid-Market,churned
949,3561,2023-12-06,SMB,active
950,2913,2024-06-18,Mid-Market,active
951,2518,2023-08-04,SMB,active
952,2496,2024-01-23,Mid-Market,active
953,164,2024-08-15,SMB,active
954,87,2024-09-16,SMB,active
955,2633,2025-03-04,SMB,active
956,141,2025-02-28,SMB,active
957,2595,2025-02-15,SMB,active
958,627,2024-12-27,Mid-Market,active
959,3262,2023-04-11,SMB,churned
960,2802,2024-02-13,SMB,active
961,2028,2025-01-30,SMB,active
962,3428,2024-12-15,SMB,active
963,603,2025-04-03,Mid-Market,active
964,1545,2023-05-04,SMB,churned
965,3276,2024-08-25,SMB,active
966,2042,2024-10-21,SMB,active
967,2220,2025-03-15,SMB,active
968,754,2023-03-13,Mid-Market,active
969,3146,2024-02-28,Mid-Market,active
970,2677,2024-01-05,SMB,churned
971,1435,2023-05-11,Mid-Market,active
972,745,2023-12-30,SMB,active
973,2481,2025-04-21,SMB,active
974,679,2025-02-06,Mid-Market,active
975,3029,2024-11-16,SMB,churned
976,1656,2024-07-03,SMB,churned
977,3418,2025-01-14,SMB,active
978,3830,2024-01-29,SMB,churned
979,1337,2025-04-06,SMB,active
980,2741,2024-06-16,Enterprise,active
981,3680,2024-08-07,SMB,active
982,389,2024-01-11,SMB,active
983,1171,2023-04-20,SMB,active
984,3850,2023-10-14,SMB,active
985,3019,2024-11-05,Mid-Market,active
986,3318,2025-02-22,Mid-Market,active
987,1534,2024-12-18,SMB,active
988,1509,2025-03-04,SMB,active
989,3839,2024-09-27,SMB,active
990,2598,2023-03-13,SMB,active
991,3996,2025-03-08,Mid-Market,active
992,3102,2024-11-09,SMB,active
993,454,2025-04-27,Mid-Market,active
994,273,2024-01-09,SMB,churned
995,3959,2023-04-07,Mid-Market,churned
996,1950,2023-04-27,SMB,active
997,3270,2023-09-06,Mid-Market,active
998,256,2025-04-09,SMB,active
999,627,2023-08-11,Mid-Market,active
1000,1082,2025-03-01,SMB,active
1001,1213,2024-01-29,SMB,churned
1002,3506,2024-01-04,Mid-Market,active
1003,2439,2024-03-16,Mid-Market,active
1004,3058,2025-03-09,Mid-Market,churned
1005,3210,2023-02-28,SMB,active
1006,2339,2024-09-16,SMB,active
1007,1736,2023-08-02,SMB,churned
1008,3434,2023-09-16,Mid-Market,active
1009,3631,2024-09-22,SMB,active
1010,3397,2025-01-24,SMB,churned
1011,2431,2025-03-05,SMB,active
1012,2233,2023-08-16,SMB,active
1013,3330,2025-04-19,SMB,active
1014,3930,2024-08-17,Mid-Market,active
1015,661,2024-07-28,SMB,active
1016,3701,2023-03-12,Mid-Market,active
1017,3472,2025-04-03,SMB,active
1018,808,2023-03-21,SMB,active
1019,3872,2023-04-20,SMB,active
1020,2876,2024-12-23,SMB,active
1021,3198,2023-04-27,SMB,active
1022,664,2023-09-13,SMB,active
1023,3116,2025-03-03,SMB,active
1024,3354,2024-12-19,Mid-Market,active
1025,3785,2024-09-11,Mid-Market,churned
1026,2771,2023-07-10,SMB,active
1027,1805,2024-01-23,SMB,active
1028,1128,2024-02-05,SMB,churned
1029,1160,2023-12-17,SMB,active
1030,3353,2025-01-18,SMB,active
1031,682,2023-10-14,SMB,active
1032,2190,2025-04-08,Mid-Market,active
1033,3952,2023-03-15,SMB,active
1034,3265,2023-10-26,Enterprise,active
1035,802,2023-04-09,Mid-Market,churned
1036,915,2023-03-10,SMB,active
1037,2062,2025-01-18,SMB,churned
1038,2299,2024-02-03,Enterprise,active
1039,110,2023-11-10,SMB,active
1040,1629,2025-01-11,SMB,active
1041,1925,2025-01-13,Mid-Market,active
1042,2297,2024-08-07,SMB,active
1043,2447,2023-03-18,Mid-Market,active
1044,3654,2025-01-25,Enterprise,active
1045,3725,2023-03-25,SMB,active
1046,2430,2024-10-05,Mid-Market,churned
1047,1099,2024-03-31,SMB,active
1048,1046,2024-05-25,SMB,active
1049,1521,2024-11-04,Mid-Market,active
1050,1015,2024-05-28,SMB,churned
1051,2586,2024-11-19,Mid-Market,active
1052,3449,2025-01-06,Enterprise,active
1053,2546,2025-03-30,SMB,active
1054,3787,2025-04-01,Mid-Market,active
1055,1295,2024-09-08,SMB,active
1056,372,2023-05-24,SMB,active
1057,287,2023-06-25,SMB,active
1058,1779,2023-04-15,SMB,churned
1059,3691,2024-11-24,SMB,active
1060,3921,2024-10-02,SMB,active
1061,1805,2024-10-21,SMB,active
1062,152,2023-08-08,SMB,active
1063,3529,2025-01-22,SMB,active
1064,2525,2024-03-09,Mid-Market,churned
1065,1019,2023-09-08,Mid-Market,active
1066,892,2024-05-21,SMB,active
1067,228,2023-04-18,SMB,active
1068,77,2024-05-01,SMB,active
1069,2282,2023-02-04,SMB,active
1070,1291,2024-07-03,SMB,active
1071,3075,2025-02-16,SMB,churned
1072,2100,2024-12-11,Enterprise,churned
1073,311,2023-05-08,Mid-Market,churned
1074,2154,2023-08-04,SMB,churned
1075,3770,2023-10-24,SMB,active
1076,3172,2023-04-02,SMB,active
1077,1858,2024-06-27,SMB,active
1078,2199,2024-05-30,SMB,active
1079,1543,2023-04-23,SMB,active
1080,2585,2025-03-02,SMB,churned
1081,912,2025-02-06,SMB,active
1082,1682,2024-11-19,SMB,active
1083,586,2024-12-22,SMB,active
1084,1121,2023-02-05,SMB,active
1085,2590,2024-04-20,Mid-Market,active
1086,3641,2023-09-25,Enterprise,churned
1087,2401,2024-01-07,Mid-Market,active
1088,2200,2023-03-04,SMB,active
1089,728,2024-08-18,Mid-Market,active
1090,1805,2024-08-10,SMB,active
1091,25,2024-02-03,Mid-Market,active
1092,833,2023-09-23,SMB,active
1093,1795,2024-05-28,SMB,active
1094,3154,2025-01-12,SMB,active
1095,942,2024-03-24,SMB,active
1096,2219,2025-01-12,SMB,active
1097,2634,2025-01-02,Mid-Market,active
1098,862,2024-03-05,SMB,active
1099,2184,2024-03-27,SMB,active
1100,2485,2023-01-22,SMB,active
1101,2295,2025-04-26,Enterprise,active
1102,2642,2024-04-23,SMB,active
1103,2656,2024-11-27,SMB,active
1104,3042,2023-02-18,SMB,active
1105,3839,2024-10-14,SMB,churned
1106,1453,2023-05-09,SMB,active
1107,2067,2024-09-25,SMB,active
1108,281,2024-09-02,SMB,active
1109,1078,2025-01-04,Mid-Market,active
1110,3464,2024-02-28,Enterprise,active
1111,2246,2023-08-19,SMB,active
1112,1632,2024-01-12,Mid-Market,active
1113,2522,2025-02-17,Mid-Market,active
1114,3389,2025-03-24,SMB,active
1115,2861,2023-03-09,Mid-Market,active
1116,1831,2024-07-20,SMB,active
1117,3472,2025-03-04,SMB,active
1118,2619,2025-03-09,SMB,active
1119,1801,2025-04-04,SMB,churned
1120,2626,2025-01-29,SMB,active
1121,2033,2024-07-21,SMB,active
1122,1725,2025-04-10,SMB,active
1123,3669,2024-10-26,SMB,churned
1124,121,2024-01-03,Mid-Market,churned
1125,2397,2024-04-13,SMB,active
1126,784,2025-03-03,SMB,active
1127,3244,2025-03-18,Mid-Market,churned
1128,932,2025-02-06,SMB,churned
1129,1379,2023-06-12,SMB,active
1130,1906,2024-02-03,SMB,churned
1131,3419,2025-02-18,SMB,churned
1132,1592,2023-02-08,SMB,active
1133,2259,2023-12-29,SMB,active
1134,2049,2024-03-18,SMB,active
1135,2615,2024-01-08,Mid-Market,active
1136,1153,2023-11-20,Enterprise,active
1137,1755,2023-12-11,SMB,active
1138,2935,2025-01-30,SMB,churned
1139,685,2023-04-19,SMB,active
1140,691,2024-08-15,SMB,active
1141,1290,2023-09-10,Mid-Market,active
1142,1843,2024-05-10,Mid-Market,active
1143,1296,2024-10-17,SMB,active
1144,1413,2024-03-07,Enterprise,active
1145,2642,2024-04-22,SMB,active
1146,672,2023-08-08,Mid-Market,active
1147,516,2024-02-26,Mid-Market,active
1148,2815,2025-03-17,SMB,active
1149,1618,2024-12-11,SMB,active
1150,746,2023-08-08,SMB,active
1151,2846,2023-03-20,SMB,active
1152,3451,2023-10-13,SMB,active
1153,1143,2023-12-02,SMB,active
1154,2161,2023-09-21,SMB,active
1155,967,2024-06-02,SMB,active
1156,2429,2025-03-02,SMB,active
1157,1921,2023-10-16,Mid-Market,active
1158,433,2025-01-09,SMB,active
1159,3341,2024-01-22,SMB,active
1160,1195,2025-01-07,Mid-Market,active
1161,978,2024-03-18,SMB,active
1162,3102,2024-09-11,SMB,active
1163,3162,2024-12-06,Mid-Market,churned
1164,1919,2023-09-14,SMB,active
1165,3426,2024-09-29,Mid-Market,active
1166,2977,2023-11-10,SMB,active
1167,1307,2023-02-06,SMB,active
1168,3582,2024-05-26,SMB,active
1169,3425,2023-04-25,SMB,active
1170,3029,2024-02-19,SMB,active
1171,3089,2025-02-15,SMB,active
1172,3589,2023-06-19,SMB,active
1173,28,2023-04-28,Enterprise,active
1174,3761,2025-02-28,Mid-Market,churned
1175,3619,2024-06-25,SMB,active
1176,58,2023-08-04,SMB,active
1177,1714,2023-02-21,SMB,active
1178,3554,2024-02-13,SMB,active
1179,2763,2023-06-14,Enterprise,active
1180,2040,2024-05-19,Mid-Market,active
1181,426,2023-09-16,Mid-Market,active
1182,3100,2023-03-31,SMB,active
1183,900,2023-11-04,Mid-Market,churned
1184,3403,2023-12-21,SMB,active
1185,1978,2024-07-30,SMB,active
1186,1774,2023-07-10,SMB,active
1187,2472,2024-04-30,SMB,active
1188,203,2023-03-20,SMB,active
1189,3999,2025-03-07,Mid-Market,active
1190,2719,2023-05-02,Mid-Market,active
1191,3666,2023-11-12,SMB,churned
1192,3312,2024-08-22,SMB,active
1193,3593,2025-04-09,SMB,active
1194,2909,2023-10-02,SMB,churned
1195,2969,2023-03-12,Mid-Market,active
1196,3905,2024-06-02,Mid-Market,active
1197,3178,2024-11-30,Mid-Market,active
1198,2856,2024-10-26,SMB,active
1199,1885,2023-02-28,SMB,active
1200,2972,2024-02-14,Mid-Market,active
1201,3458,2025-01-27,SMB,active
1202,3077,2023-12-09,Mid-Market,active
1203,894,2025-01-07,Mid-Market,active
1204,3092,2024-06-19,SMB,active
1205,2827,2025-01-12,Mid-Market,active
1206,2454,2023-04-08,SMB,active
1207,1738,2023-05-18,SMB,active
1208,1799,2025-03-23,Mid-Market,active
1209,1843,2024-05-30,Mid-Market,active
1210,1571,2025-01-19,SMB,active
1211,2715,2025-01-01,Mid-Market,churned
1212,3876,2024-10-16,SMB,active
1213,2333,2024-10-24,Mid-Market,active
1214,2658,2024-09-15,SMB,active
1215,843,2025-02-17,SMB,active
1216,1823,2023-07-27,SMB,active
1217,3275,2025-01-09,SMB,active
1218,883,2023-02-27,SMB,active
1219,1603,2024-11-24,SMB,active
1220,1241,2024-12-20,SMB,active
1221,1536,2024-03-06,Enterprise,churned
1222,3445,2024-11-30,SMB,active
1223,1202,2024-11-01,SMB,active
1224,3799,2025-03-08,SMB,churned
1225,1517,2023-06-22,SMB,active
1226,2572,2025-03-31,SMB,churned
1227,3184,2023-09-04,Mid-Market,active
1228,899,2023-04-02,Enterprise,active
1229,1354,2023-10-24,SMB,active
1230,3690,2024-06-24,SMB,active
1231,1654,2023-03-10,SMB,active
1232,3500,2025-03-23,Enterprise,churned
1233,178,2024-10-12,Enterprise,active
1234,1728,2024-06-11,SMB,active
1235,1534,2024-12-30,SMB,active
1236,3588,2025-02-10,SMB,active
1237,419,2024-01-15,SMB,active
1238,1947,2024-03-30,SMB,active
1239,3664,2025-01-11,SMB,active
1240,3358,2024-01-10,SMB,active
1241,2667,2025-02-12,Mid-Market,active
1242,434,2025-02-22,SMB,churned
1243,2049,2024-08-04,SMB,active
1244,3109,2025-03-29,SMB,active
1245,2256,2025-01-13,Enterprise,active
1246,2616,2023-08-20,SMB,active
1247,3528,2023-08-29,SMB,active
1248,2527,2023-12-02,SMB,active
1249,3233,2024-03-15,Mid-Market,active
1250,3364,2023-11-18,SMB,active
1251,1791,2024-08-22,SMB,active
1252,301,2024-11-29,SMB,active
1253,2014,2023-08-05,Mid-Market,active
1254,970,2024-12-22,SMB,active
1255,1005,2025-03-22,SMB,active
1256,3410,2024-05-17,Mid-Market,active
1257,3658,2023-12-14,SMB,active
1258,3715,2024-08-15,Mid-Market,active
1259,3206,2024-02-24,Enterprise,active
1260,3761,2025-04-18,Mid-Market,active
1261,3593,2025-02-03,SMB,active
1262,1605,2023-11-22,Mid-Market,active
1263,3651,2024-06-24,SMB,active
1264,587,2025-01-06,Mid-Market,active
1265,3237,2025-04-23,SMB,active
1266,1206,2024-07-23,Enterprise,active
1267,553,2023-12-24,SMB,active
1268,2136,2025-03-15,SMB,active
1269,2306,2023-05-27,SMB,active
1270,10,2023-12-01,SMB,active
1271,2817,2024-05-25,Mid-Market,active
1272,2802,2024-04-23,SMB,active
1273,1822,2023-07-23,Mid-Market,active
1274,1628,2023-11-24,Mid-Market,active
1275,2347,2025-01-25,Mid-Market,active
1276,422,2025-03-11,Mid-Market,active
1277,2526,2023-02-19,Mid-Market,churned
1278,3412,2023-01-13,SMB,active
1279,1222,2023-05-25,SMB,active
1280,2347,2025-04-25,Mid-Market,active
1281,3330,2025-02-19,SMB,churned
1282,1756,2023-02-11,SMB,churned
1283,1179,2025-04-06,SMB,active
1284,1295,2024-11-22,SMB,active
1285,3406,2025-02-20,SMB,active
1286,25,2023-11-26,Mid-Market,active
1287,1398,2024-06-28,SMB,active
1288,1552,2023-11-26,SMB,active
1289,3791,2023-06-18,SMB,active
1290,3553,2024-01-28,SMB,churned
1291,2729,2023-07-21,SMB,active
1292,1361,2024-10-22,Enterprise,churned
1293,2316,2023-10-04,SMB,active
1294,3730,2023-10-22,SMB,churned
1295,314,2025-04-04,SMB,active
1296,764,2025-02-12,Mid-Market,active
1297,668,2023-12-12,Mid-Market,active
1298,292,2025-02-17,Mid-Market,active
1299,2767,2023-05-10,SMB,active
1300,2571,2023-06-20,Mid-Market,active
1301,494,2023-04-04,Enterprise,active
1302,890,2025-01-29,SMB,active
1303,3886,2025-03-18,SMB,active
1304,3426,2024-07-23,Mid-Market,active
1305,2179,2025-04-02,SMB,active
1306,3332,2025-02-22,Enterprise,active
1307,3844,2025-04-06,SMB,active
1308,544,2024-12-16,SMB,active
1309,391,2023-08-29,SMB,active
1310,1038,2024-06-04,Mid-Market,active
1311,2877,2024-09-23,SMB,active
1312,3653,2023-03-04,Mid-Market,active
1313,1172,2024-08-16,SMB,active
1314,1070,2024-08-22,Mid-Market,active
1315,857,2023-07-12,SMB,active
1316,3887,2023-05-11,SMB,active
1317,3783,2023-08-18,SMB,active
1318,511,2023-12-08,SMB,active
1319,1914,2025-03-31,Mid-Market,churned
1320,1472,2023-03-02,Mid-Market,active
1321,1295,2024-11-11,SMB,churned
1322,3297,2024-01-09,Mid-Market,active
1323,1685,2024-09-27,SMB,churned
1324,400,2023-12-13,SMB,active
1325,3582,2024-04-14,SMB,churned
1326,3030,2023-09-22,SMB,churned
1327,3237,2025-02-22,SMB,active
1328,2202,2023-05-18,SMB,active
1329,2414,2024-06-16,SMB,churned
1330,3394,2024-05-21,Mid-Market,active
1331,1991,2025-04-06,SMB,active
1332,2351,2025-01-15,SMB,active
1333,2334,2024-09-05,SMB,churned
1334,3674,2023-09-25,SMB,active
1335,2401,2024-03-12,Mid-Market,active
1336,3814,2023-07-02,SMB,active
1337,458,2025-03-13,Mid-Market,active
1338,1815,2024-04-19,Enterprise,active
1339,1925,2025-03-31,Mid-Market,active
1340,281,2024-10-01,SMB,active
1341,2727,2023-02-14,Mid-Market,active
1342,1597,2023-04-03,Mid-Market,churned
1343,246,2023-04-27,SMB,active
1344,3874,2023-02-09,SMB,churned
1345,3112,2023-11-09,SMB,active
1346,3376,2024-10-11,SMB,active
1347,3203,2023-05-29,SMB,active
1348,1222,2023-09-09,SMB,active
1349,3957,2023-03-18,Mid-Market,active
1350,700,2024-12-13,Enterprise,active
1351,1385,2025-02-23,SMB,active
1352,1327,2024-02-16,Mid-Market,active
1353,663,2023-11-17,SMB,churned
1354,1313,2025-02-20,SMB,active
1355,3290,2024-03-16,Mid-Market,active
1356,977,2024-09-12,SMB,active
1357,1569,2025-01-31,Mid-Market,active
1358,559,2023-03-12,SMB,active
1359,1707,2024-11-28,Mid-Market,active
1360,1663,2023-09-17,Mid-Market,active
1361,2490,2023-06-23,SMB,active
1362,964,2025-02-15,SMB,active
1363,1027,2024-09-09,Mid-Market,active
1364,3671,2025-04-24,Mid-Market,active
1365,3285,2023-12-29,Mid-Market,active
1366,1365,2023-02-16,SMB,active
1367,1268,2023-12-10,SMB,active
1368,828,2024-12-18,SMB,active
1369,169,2023-03-21,SMB,churned
1370,3763,2023-04-14,Mid-Market,active
1371,592,2025-03-31,SMB,active
1372,2062,2023-08-31,SMB,active
1373,2949,2023-06-30,SMB,active
1374,1131,2024-02-29,Mid-Market,active
1375,644,2024-05-25,SMB,active
1376,2110,2023-07-16,SMB,active
1377,1013,2023-02-01,SMB,active
1378,571,2024-02-18,SMB,active
1379,418,2025-03-17,SMB,active
1380,1190,2024-08-06,SMB,active
1381,967,2024-07-27,SMB,active
1382,2800,2024-04-23,SMB,churned
1383,841,2024-04-26,SMB,churned
1384,1077,2024-01-28,Mid-Market,active
1385,767,2023-09-23,SMB,active
1386,2012,2025-01-18,SMB,churned
1387,3962,2025-04-16,SMB,active
1388,621,2023-03-27,SMB,active
1389,477,2025-04-15,SMB,active
1390,3945,2023-03-12,Mid-Market,active
1391,953,2024-04-27,Mid-Market,active
1392,361,2025-04-05,SMB,churned
1393,2363,2023-09-10,Mid-Market,active
1394,165,2025-01-30,SMB,active
1395,916,2025-01-06,Mid-Market,active
1396,1286,2023-03-08,SMB,active
1397,2487,2025-02-19,SMB,active
1398,469,2024-12-02,Mid-Market,active
1399,1153,2023-10-07,Enterprise,active
1400,917,2024-09-11,SMB,active
1401,1634,2024-03-15,SMB,active
1402,339,2023-08-23,SMB,churned
1403,2955,2025-04-01,SMB,active
1404,530,2024-02-11,Mid-Market,active
1405,2708,2024-11-06,SMB,active
1406,3041,2024-01-29,Enterprise,active
1407,1487,2024-10-09,Mid-Market,active
1408,352,2025-02-12,Enterprise,active
1409,46,2023-03-24,Mid-Market,active
1410,958,2023-02-12,SMB,active
1411,3213,2025-01-26,Enterprise,churned
1412,3897,2025-03-08,SMB,active
1413,2796,2024-06-12,SMB,active
1414,1099,2024-08-25,SMB,active
1415,282,2023-04-07,SMB,active
1416,3565,2025-03-09,Mid-Market,active
1417,2482,2025-03-14,SMB,churned
1418,1638,2023-05-23,SMB,churned
1419,2295,2025-01-22,Enterprise,active
1420,2647,2025-02-01,Enterprise,churned
1421,70,2023-09-16,SMB,active
1422,1310,2023-03-17,SMB,active
1423,1582,2024-06-13,SMB,active
1424,3067,2025-03-09,Mid-Market,active
1425,1213,2024-02-26,SMB,active
1426,1017,2023-10-21,SMB,active
1427,1370,2025-02-17,SMB,active
1428,3165,2023-09-21,SMB,active
1429,311,2023-05-21,Mid-Market,active
1430,3256,2024-08-16,SMB,active
1431,1068,2023-06-04,SMB,active
1432,1853,2025-03-19,Mid-Market,churned
1433,3077,2024-04-08,Mid-Market,active
1434,640,2023-12-21,Mid-Market,active
1435,2890,2024-07-13,Mid-Market,active
1436,1282,2023-07-28,SMB,active
1437,2644,2023-09-05,Mid-Market,churned
1438,679,2024-11-17,Mid-Market,active
1439,2730,2023-04-22,SMB,active
1440,2513,2023-10-27,SMB,active
1441,610,2023-09-08,Mid-Market,active
1442,1282,2023-07-14,SMB,churned
1443,1023,2023-02-02,Mid-Market,churned
1444,2540,2024-10-20,Mid-Market,active
1445,3746,2023-12-14,Mid-Market,active
1446,1083,2023-12-29,Mid-Market,churned
1447,941,2023-12-04,SMB,active
1448,1159,2023-10-03,Enterprise,active
1449,2842,2023-04-01,Mid-Market,active
1450,2554,2024-04-19,Mid-Market,active
1451,2605,2025-01-18,SMB,active
1452,3435,2023-07-15,Mid-Market,active
1453,3993,2023-03-13,SMB,churned
1454,2399,2024-01-25,SMB,active
1455,2707,2025-02-23,Mid-Market,active
1456,219,2023-08-14,SMB,active
1457,862,2024-03-14,SMB,active
1458,3710,2023-10-08,SMB,churned
1459,2639,2024-08-21,SMB,active
1460,3368,2025-01-30,SMB,active
1461,394,2024-01-10,SMB,churned
1462,3258,2024-09-26,SMB,active
1463,27,2024-01-26,SMB,churned
1464,3407,2024-07-11,Mid-Market,active
1465,547,2024-11-06,SMB,churned
1466,3352,2023-05-19,SMB,active
1467,3085,2024-06-08,Mid-Market,active
1468,1869,2025-01-15,SMB,active
1469,2628,2023-10-23,Mid-Market,active
1470,1415,2024-05-03,Mid-Market,active
1471,3641,2025-01-30,Enterprise,active
1472,1484,2023-02-24,SMB,active
1473,516,2024-04-03,Mid-Market,active
1474,1281,2023-12-17,SMB,active
1475,2708,2024-08-22,SMB,active
1476,2604,2023-04-09,SMB,churned
1477,1860,2024-08-30,SMB,active
1478,1101,2024-04-20,SMB,active
1479,3687,2023-01-18,Mid-Market,active
1480,1813,2024-11-11,SMB,active
1481,1259,2024-11-03,Mid-Market,active
1482,763,2025-03-14,SMB,active
1483,3292,2024-10-12,Mid-Market,active
1484,2303,2025-02-25,SMB,churned
1485,2009,2024-03-21,Mid-Market,active
1486,247,2025-02-01,SMB,churned
1487,2979,2023-01-17,Mid-Market,active
1488,416,2023-09-13,SMB,active
1489,2268,2023-04-17,SMB,active
1490,1548,2023-04-05,Mid-Market,active
1491,49,2025-04-16,SMB,active
1492,1177,2025-02-28,SMB,active
1493,813,2023-02-05,SMB,churned
1494,1263,2023-02-07,SMB,churned
1495,2479,2023-12-15,SMB,active
1496,2847,2023-01-26,SMB,active
1497,118,2025-04-19,SMB,active
1498,597,2025-02-06,SMB,active
1499,396,2024-12-04,Mid-Market,active
1500,802,2023-02-02,Mid-Market,active
1501,3443,2023-05-15,Enterprise,active
1502,3546,2025-04-26,SMB,active
1503,3046,2024-04-29,SMB,active
1504,3942,2023-10-15,SMB,active
1505,443,2023-06-14,SMB,active
1506,1499,2023-08-09,SMB,active
1507,2860,2024-01-23,SMB,active
1508,2472,2024-02-19,SMB,active
1509,430,2025-04-16,Enterprise,active
1510,18,2025-03-12,SMB,active
1511,867,2024-01-26,Mid-Market,active
1512,128,2023-07-26,SMB,active
1513,3204,2025-01-09,Mid-Market,active
1514,1758,2024-09-18,Mid-Market,active
1515,3546,2025-03-31,SMB,active
1516,1783,2024-04-08,SMB,active
1517,1596,2023-09-07,Mid-Market,churned
1518,3382,2025-01-19,SMB,active
1519,80,2025-03-18,SMB,active
1520,2504,2024-11-23,SMB,active
1521,981,2023-12-08,Mid-Market,active
1522,1794,2023-05-29,SMB,active
1523,907,2024-10-13,SMB,active
1524,668,2023-12-07,Mid-Market,active
1525,3410,2025-01-01,Mid-Market,churned
1526,2544,2025-01-25,SMB,active
1527,3009,2023-06-25,SMB,churned
1528,1187,2023-04-06,Enterprise,active
1529,306,2023-03-21,SMB,active
1530,2532,2024-05-09,SMB,active
1531,2980,2023-02-10,SMB,active
1532,965,2025-03-20,Mid-Market,active
1533,3192,2025-03-16,Mid-Market,active
1534,2476,2024-09-05,SMB,active
1535,665,2024-12-29,SMB,active
1536,2462,2023-07-15,Enterprise,active
1537,2160,2023-04-15,SMB,active
1538,2309,2024-08-28,Mid-Market,active
1539,757,2025-02-08,SMB,active
1540,2278,2024-04-04,Mid-Market,churned
1541,2487,2025-01-10,SMB,active
1542,1240,2024-02-20,Mid-Market,active
1543,1192,2023-05-06,SMB,churned
1544,1878,2024-03-26,Mid-Market,active
1545,151,2024-07-16,SMB,active
1546,989,2025-04-17,Mid-Market,active
1547,1505,2023-10-16,SMB,active
1548,2091,2024-05-07,SMB,churned
1549,3551,2024-09-25,SMB,active
1550,1824,2023-12-06,SMB,active
1551,95,2024-01-07,SMB,active
1552,3278,2023-12-20,Enterprise,active
1553,88,2024-01-27,SMB,active
1554,3152,2024-11-23,SMB,active
1555,686,2023-07-25,SMB,active
1556,2000,2025-01-20,SMB,active
1557,2443,2025-02-03,SMB,churned
1558,1600,2023-10-24,SMB,active
1559,3989,2025-01-21,SMB,active
1560,1176,2025-03-20,SMB,active
1561,1658,2024-09-14,Mid-Market,active
1562,3571,2024-05-10,SMB,churned
1563,3189,2023-10-28,Mid-Market,active
1564,1485,2024-09-14,Mid-Market,active
1565,1321,2024-01-29,SMB,active
1566,1197,2023-02-18,Mid-Market,active
1567,3553,2023-12-15,SMB,active
1568,408,2025-03-10,SMB,active
1569,954,2024-11-05,SMB,churned
1570,2616,2025-01-14,SMB,active
1571,472,2025-02-01,SMB,active
1572,23,2023-03-11,SMB,active
1573,2595,2025-03-21,SMB,churned
1574,2107,2023-04-19,Enterprise,churned
1575,2214,2023-07-26,Mid-Market,churned
1576,1804,2023-09-19,SMB,active
1577,1206,2024-07-21,Enterprise,churned
1578,2502,2024-07-12,SMB,churned
1579,1020,2023-06-23,Mid-Market,active
1580,3601,2025-01-25,Mid-Market,active
1581,1615,2025-03-24,SMB,active
1582,589,2023-02-07,SMB,active
1583,561,2024-05-21,SMB,active
1584,501,2024-04-17,Mid-Market,active
1585,1477,2024-04-18,SMB,active
1586,2822,2025-01-24,SMB,churned
1587,2968,2025-04-04,SMB,active
1588,331,2024-04-15,SMB,active
1589,2185,2024-02-29,SMB,active
1590,3205,2025-01-13,SMB,churned
1591,3512,2025-04-20,SMB,active
1592,406,2024-06-11,Mid-Market,active
1593,846,2025-04-07,Mid-Market,active
1594,2419,2024-12-09,SMB,churned
1595,2075,2025-04-02,SMB,churned
1596,3884,2025-03-04,SMB,active
1597,3304,2024-09-26,SMB,active
1598,2994,2023-10-29,SMB,active
1599,1063,2023-09-06,SMB,active
1600,2692,2025-03-08,SMB,active
1601,211,2023-05-19,Enterprise,active
1602,1771,2024-10-19,SMB,active
1603,374,2024-02-03,SMB,active
1604,670,2024-08-28,SMB,active
1605,3831,2023-03-19,SMB,active
1606,148,2025-03-14,Enterprise,active
1607,2281,2025-03-29,SMB,churned
1608,1698,2024-07-10,SMB,churned
1609,3705,2024-08-27,Mid-Market,active
1610,1451,2023-04-21,Mid-Market,active
1611,2363,2023-09-20,Mid-Market,active
1612,3468,2023-02-25,SMB,active
1613,143,2023-07-28,SMB,active
1614,3053,2024-02-05,SMB,active
1615,2727,2024-04-24,Mid-Market,active
1616,3011,2024-06-11,SMB,active
1617,1677,2024-11-19,SMB,active
1618,2198,2023-11-18,SMB,churned
1619,1092,2024-06-25,SMB,active
1620,1091,2023-04-21,Mid-Market,active
1621,2367,2023-04-17,SMB,active
1622,3555,2024-03-16,Mid-Market,active
1623,1635,2023-07-31,SMB,active
1624,218,2023-02-05,Mid-Market,active
1625,1996,2023-04-07,Mid-Market,active
1626,1225,2025-04-03,SMB,active
1627,3235,2025-02-01,Mid-Market,active
1628,1021,2025-02-07,SMB,churned
1629,3940,2023-02-06,Mid-Market,active
1630,14,2025-03-22,SMB,active
1631,3203,2023-06-12,SMB,active
1632,257,2024-07-27,SMB,active
1633,1686,2024-01-06,Mid-Market,active
1634,130,2024-08-18,Enterprise,active
1635,2342,2024-01-28,Mid-Market,active
1636,1747,2024-09-08,SMB,active
1637,3041,2023-12-30,Enterprise,active
1638,786,2023-10-20,SMB,active
1639,1489,2023-09-15,SMB,churned
1640,3427,2023-04-06,Mid-Market,active
1641,2349,2024-08-09,SMB,active
1642,1932,2025-02-07,SMB,active
1643,2928,2023-03-28,SMB,active
1644,997,2025-03-27,Mid-Market,churned
1645,3033,2023-04-25,SMB,active
1646,1459,2023-12-11,SMB,active
1647,1100,2025-03-31,SMB,churned
1648,2285,2024-03-09,SMB,churned
1649,1817,2023-05-09,SMB,active
1650,3382,2025-01-14,SMB,churned
1651,1099,2024-05-11,SMB,active
1652,2967,2024-03-03,SMB,active
1653,3786,2024-08-31,SMB,active
1654,2708,2025-04-16,SMB,active
1655,864,2024-05-19,SMB,active
1656,469,2024-11-10,Mid-Market,active
1657,3032,2025-01-21,Mid-Market,active
1658,3282,2023-05-21,Enterprise,active
1659,1774,2023-07-25,SMB,active
1660,3642,2023-12-20,SMB,churned
1661,2704,2024-07-22,Mid-Market,active
1662,1717,2025-04-03,SMB,active
1663,3796,2023-11-21,SMB,active
1664,1086,2024-11-17,SMB,active
1665,3998,2023-01-07,Mid-Market,churned
1666,3843,2023-09-09,SMB,active
1667,1271,2024-04-13,SMB,active
1668,3265,2023-12-01,Enterprise,churned
1669,2950,2025-02-20,Mid-Market,active
1670,1838,2025-04-03,SMB,active
1671,3307,2023-10-29,SMB,churned
1672,3606,2025-01-11,Mid-Market,active
1673,3237,2025-03-27,SMB,churned
1674,290,2024-04-04,SMB,active
1675,2505,2023-07-01,Enterprise,active
1676,1356,2024-05-07,SMB,active
1677,262,2025-03-16,SMB,active
1678,3797,2024-05-14,SMB,active
1679,1673,2023-01-16,Mid-Market,active
1680,1651,2023-11-23,Mid-Market,active
1681,1164,2025-03-19,Mid-Market,active
1682,2393,2023-11-08,Mid-Market,active
1683,1908,2023-07-07,SMB,active
1684,241,2024-06-24,SMB,active
1685,51,2023-03-17,SMB,active
1686,1752,2024-02-26,Mid-Market,active
1687,809,2023-04-02,SMB,active
1688,902,2024-08-27,SMB,active
1689,2417,2023-11-11,SMB,active
1690,3781,2024-05-10,SMB,churned
1691,1215,2024-06-29,SMB,active
1692,575,2023-12-14,Mid-Market,churned
1693,701,2023-03-29,SMB,active
1694,3794,2024-02-09,SMB,active
1695,1086,2024-12-04,SMB,active
1696,1802,2025-02-26,Mid-Market,churned
1697,1583,2024-09-28,SMB,active
1698,3281,2023-04-13,SMB,active
1699,439,2023-10-21,SMB,active
1700,85,2024-08-18,SMB,active
1701,108,2025-03-12,SMB,active
1702,953,2024-05-06,Mid-Market,active
1703,3094,2025-03-22,Enterprise,active
1704,3024,2025-02-11,SMB,active
1705,1230,2024-09-30,Mid-Market,active
1706,2963,2025-04-01,Enterprise,active
1707,1689,2023-10-05,SMB,active
1708,2154,2024-11-18,SMB,churned
1709,1032,2025-01-17,Mid-Market,active
1710,791,2023-11-19,SMB,active
1711,1148,2024-04-15,SMB,churned
1712,794,2024-11-15,SMB,active
1713,2509,2025-03-06,SMB,active
1714,1741,2025-04-15,SMB,active
1715,149,2024-08-27,Mid-Market,active
1716,3041,2024-01-05,Enterprise,churned
1717,1672,2024-07-31,SMB,active
1718,2660,2025-02-17,SMB,churned
1719,355,2025-04-18,Mid-Market,churned
1720,2154,2025-01-06,SMB,active
1721,2803,2023-06-27,SMB,churned
1722,2490,2023-09-13,SMB,active
1723,3593,2025-03-30,SMB,churned
1724,2198,2024-05-25,SMB,active
1725,478,2025-02-05,SMB,active
1726,656,2024-02-08,Mid-Market,active
1727,97,2025-02-03,SMB,active
1728,1007,2024-10-06,SMB,active
1729,2527,2023-11-01,SMB,active
1730,1643,2023-10-22,SMB,churned
1731,3113,2024-02-17,SMB,active
1732,89,2023-08-16,Mid-Market,active
1733,2660,2025-04-04,SMB,active
1734,1541,2024-06-08,SMB,active
1735,1883,2024-06-19,Mid-Market,active
1736,767,2023-09-01,SMB,active
1737,391,2023-08-15,SMB,churned
1738,1544,2023-08-06,SMB,active
1739,3790,2024-12-31,Mid-Market,active
1740,3699,2024-08-28,Mid-Market,active
1741,3707,2025-02-08,SMB,active
1742,416,2023-11-20,SMB,active
1743,293,2024-05-13,SMB,active
1744,805,2024-04-01,Mid-Market,active
1745,3150,2023-04-28,Mid-Market,active
1746,3238,2024-05-16,SMB,active
1747,1553,2024-12-28,Mid-Market,active
1748,328,2023-05-06,SMB,active
1749,2049,2024-09-30,SMB,active
1750,2155,2024-04-18,Mid-Market,active
1751,250,2024-11-20,Mid-Market,active
1752,2684,2023-04-07,Mid-Market,active
1753,2414,2023-04-28,SMB,active
1754,2312,2025-02-16,Mid-Market,churned
1755,3366,2025-03-25,SMB,active
1756,1696,2025-01-20,Mid-Market,churned
1757,1143,2023-12-28,SMB,active
1758,3557,2025-02-15,Mid-Market,active
1759,3233,2024-11-18,Mid-Market,active
1760,1957,2025-02-22,SMB,active
1761,1806,2023-04-22,SMB,churned
1762,217,2024-04-04,SMB,active
1763,2655,2023-03-04,Mid-Market,active
1764,747,2023-08-14,Mid-Market,active
1765,2109,2025-03-06,Mid-Market,active
1766,3797,2024-02-03,SMB,active
1767,1455,2023-08-06,Mid-Market,churned
1768,3019,2023-06-27,Mid-Market,active
1769,3962,2025-01-11,SMB,active
1770,2183,2023-02-05,SMB,active
1771,3135,2024-09-30,SMB,active
1772,1799,2023-05-21,Mid-Market,active
1773,2593,2023-02-13,SMB,churned
1774,3217,2024-05-02,SMB,active
1775,1347,2024-08-08,SMB,active
1776,639,2025-02-27,Mid-Market,active
1777,1436,2025-02-20,SMB,active
1778,2762,2024-09-18,Mid-Market,active
1779,1437,2023-06-05,Enterprise,active
1780,411,2023-05-26,Mid-Market,active
1781,690,2024-07-12,Mid-Market,active
1782,1679,2023-03-29,SMB,active
1783,2643,2024-04-08,SMB,active
1784,1611,2025-04-02,Mid-Market,churned
1785,3816,2025-01-12,SMB,active
1786,829,2023-08-05,SMB,active
1787,3975,2025-01-29,SMB,active
1788,3419,2025-02-01,SMB,active
1789,3138,2023-03-20,SMB,active
1790,1838,2025-04-28,SMB,active
1791,741,2024-09-30,SMB,active
1792,1512,2024-02-15,SMB,active
1793,2372,2024-08-29,SMB,churned
1794,1079,2023-03-27,SMB,active
1795,2561,2023-03-16,SMB,active
1796,3356,2024-03-02,Mid-Market,active
1797,3709,2024-05-01,Mid-Market,active
1798,3729,2025-01-29,Mid-Market,active
1799,978,2024-03-07,SMB,active
1800,3528,2023-12-07,SMB,active
1801,2523,2024-09-25,SMB,active
1802,1901,2024-11-16,SMB,active
1803,978,2023-11-10,SMB,active
1804,2856,2024-11-30,SMB,active
1805,3170,2023-06-21,Mid-Market,active
1806,2788,2024-12-10,SMB,active
1807,805,2024-05-23,Mid-Market,churned
1808,2949,2023-09-03,SMB,churned
1809,324,2023-04-10,SMB,active
1810,3498,2024-12-07,SMB,active
1811,2124,2023-02-05,Mid-Market,active
1812,1510,2023-02-09,Enterprise,active
1813,3812,2025-04-17,SMB,active
1814,437,2023-06-14,SMB,active
1815,1115,2024-10-03,SMB,active
1816,3315,2024-06-16,SMB,active
1817,1522,2024-01-09,Mid-Market,active
1818,2812,2025-03-17,SMB,churned
1819,2207,2024-11-18,Mid-Market,active
1820,2048,2024-11-02,SMB,active
1821,3211,2024-10-02,SMB,active
1822,3093,2025-04-27,SMB,active
1823,2525,2024-05-02,Mid-Market,active
1824,791,2023-11-26,SMB,active
1825,408,2025-04-06,SMB,active
1826,828,2024-10-29,SMB,active
1827,13,2024-01-04,SMB,churned
1828,1128,2023-11-15,SMB,churned
1829,3439,2025-03-20,SMB,active
1830,875,2025-04-28,SMB,active
1831,1664,2025-03-12,SMB,active
1832,3399,2023-10-06,Mid-Market,active
1833,329,2024-09-21,SMB,active
1834,397,2023-09-19,Mid-Market,active
1835,1040,2025-01-28,Mid-Market,active
1836,392,2023-07-21,SMB,active
1837,1088,2024-04-11,SMB,active
1838,1105,2023-07-22,SMB,active
1839,1325,2023-12-19,Mid-Market,active
1840,1922,2023-05-03,Mid-Market,active
1841,3902,2024-05-03,SMB,active
1842,1336,2023-12-14,Mid-Market,active
1843,3349,2024-05-23,SMB,active
1844,2163,2024-05-27,SMB,active
1845,1815,2024-03-11,Enterprise,churned
1846,3145,2024-11-19,Enterprise,active
1847,1922,2023-03-13,Mid-Market,churned
1848,131,2024-08-07,SMB,churned
1849,266,2025-04-15,SMB,active
1850,3325,2024-08-07,SMB,active
1851,1140,2023-06-13,Mid-Market,active
1852,2454,2023-04-11,SMB,active
1853,620,2024-03-05,Mid-Market,active
1854,1224,2025-03-06,SMB,active
1855,1883,2023-01-17,Mid-Market,active
1856,184,2025-01-18,SMB,active
1857,285,2025-02-23,SMB,active
1858,3043,2023-03-11,Mid-Market,active
1859,2953,2024-01-07,Mid-Market,active
1860,1472,2023-11-06,Mid-Market,active
1861,1582,2024-07-26,SMB,active
1862,1352,2025-01-10,SMB,active
1863,2911,2024-03-25,Mid-Market,active
1864,371,2024-05-08,SMB,active
1865,945,2023-10-12,SMB,active
1866,916,2023-11-19,Mid-Market,churned
1867,3175,2024-04-23,Mid-Market,active
1868,1902,2024-08-27,SMB,active
1869,889,2023-10-16,Mid-Market,active
1870,663,2024-01-12,SMB,active
1871,3168,2024-09-11,SMB,active
1872,2944,2024-12-21,Enterprise,active
1873,2564,2025-03-14,Mid-Market,active
1874,876,2023-10-03,Mid-Market,active
1875,3528,2023-10-04,SMB,churned
1876,1512,2024-02-04,SMB,active
1877,2114,2024-04-10,Mid-Market,active
1878,479,2023-07-05,SMB,churned
1879,1986,2025-02-15,SMB,active
1880,2306,2023-07-06,SMB,active
1881,3237,2025-02-24,SMB,active
1882,567,2024-09-02,Mid-Market,active
1883,3470,2023-01-22,Enterprise,active
1884,1867,2025-03-02,SMB,active
1885,3821,2023-04-11,SMB,active
1886,2027,2024-12-03,SMB,active
1887,668,2024-02-09,Mid-Market,active
1888,1520,2025-04-14,SMB,active
1889,1930,2025-01-20,Mid-Market,active
1890,1223,2023-03-18,Enterprise,active
1891,2196,2025-02-27,SMB,active
1892,1453,2023-05-17,SMB,churned
1893,454,2025-04-27,Mid-Market,active
1894,187,2024-11-25,SMB,active
1895,1277,2023-05-13,SMB,active
1896,2635,2024-08-17,Mid-Market,active
1897,3003,2023-02-02,SMB,active
1898,1250,2023-07-20,SMB,active
1899,1821,2024-06-29,SMB,churned
1900,3075,2025-02-19,SMB,active
1901,3328,2025-02-26,SMB,active
1902,2163,2024-05-04,SMB,active
1903,2850,2024-12-25,SMB,active
1904,129,2025-02-23,SMB,active
1905,102,2023-08-14,SMB,active
1906,3363,2024-01-12,SMB,active
1907,2897,2024-03-04,Mid-Market,active
1908,341,2024-06-24,Enterprise,active
1909,3067,2023-12-21,Mid-Market,active
1910,1343,2024-06-16,Enterprise,churned
1911,2110,2024-11-20,SMB,churned
1912,1396,2023-03-26,SMB,active
1913,1625,2024-05-25,Mid-Market,active
1914,1253,2025-04-12,SMB,active
1915,607,2024-03-20,Mid-Market,active
1916,1157,2024-05-17,SMB,active
1917,1964,2023-11-08,Mid-Market,active
1918,2412,2025-01-23,Mid-Market,churned
1919,618,2023-10-12,SMB,churned
1920,47,2024-10-27,Mid-Market,active
1921,2324,2024-09-08,SMB,active
1922,1507,2024-05-01,SMB,active
1923,3930,2024-08-23,Mid-Market,active
1924,740,2024-11-03,Mid-Market,churned
1925,1553,2025-01-14,Mid-Market,active
1926,3528,2023-11-28,SMB,active
1927,2133,2024-01-24,SMB,active
1928,2851,2024-07-06,SMB,active
1929,709,2024-04-15,SMB,active
1930,3049,2023-09-02,SMB,active
1931,300,2025-01-05,SMB,active
1932,3374,2023-07-30,Mid-Market,churned
1933,1649,2025-01-23,SMB,churned
1934,2322,2023-10-19,SMB,churned
1935,1862,2023-02-02,Enterprise,active
1936,2812,2025-01-18,SMB,churned
1937,607,2024-06-30,Mid-Market,active
1938,1482,2025-02-12,Mid-Market,churned
1939,1867,2025-01-26,SMB,active
1940,2812,2025-04-19,SMB,active
1941,211,2023-12-20,Enterprise,active
1942,1616,2025-02-10,Mid-Market,active
1943,883,2025-02-16,SMB,active
1944,1827,2023-02-28,Mid-Market,active
1945,3700,2024-09-09,Mid-Market,active
1946,2979,2023-01-08,Mid-Market,active
1947,958,2023-01-10,SMB,active
1948,3384,2024-06-01,SMB,active
1949,3093,2025-03-29,SMB,active
1950,3393,2023-01-31,Mid-Market,active
1951,1329,2023-05-21,SMB,active
1952,1550,2023-07-11,SMB,active
1953,901,2024-07-04,Mid-Market,active
1954,257,2024-07-22,SMB,active
1955,3308,2025-01-14,Mid-Market,churned
1956,932,2023-12-09,SMB,active
1957,405,2023-12-24,SMB,active
1958,3393,2023-03-19,Mid-Market,active
1959,2209,2023-01-10,Mid-Market,active
1960,265,2024-10-20,SMB,active
1961,2730,2023-03-17,SMB,active
1962,3653,2025-02-15,Mid-Market,churned
1963,754,2024-06-27,Mid-Market,active
1964,2180,2024-04-14,Mid-Market,churned
1965,2921,2024-11-19,SMB,active
1966,2389,2023-02-02,Enterprise,churned
1967,303,2025-02-01,SMB,active
1968,3123,2023-06-16,SMB,churned
1969,351,2023-09-25,Mid-Market,active
1970,187,2024-10-15,SMB,active
1971,68,2025-03-21,SMB,active
1972,2195,2024-05-02,Mid-Market,active
1973,2191,2025-04-12,Mid-Market,churned
1974,1853,2025-04-16,Mid-Market,active
1975,3701,2023-04-12,Mid-Market,churned
1976,2094,2024-01-18,Enterprise,active
1977,3407,2024-04-15,Mid-Market,active
1978,1353,2024-01-26,SMB,active
1979,2319,2023-03-18,Mid-Market,active
1980,1412,2025-01-16,SMB,active
1981,965,2025-03-22,Mid-Market,active
1982,3402,2024-06-29,SMB,active
1983,1925,2025-04-16,Mid-Market,active
1984,1691,2023-01-14,SMB,active
1985,2225,2023-10-09,Mid-Market,active
1986,285,2025-03-11,SMB,active
1987,205,2023-04-26,SMB,active
1988,730,2023-03-22,SMB,active
1989,1638,2023-12-01,SMB,active
1990,3127,2025-02-05,SMB,active
1991,3306,2025-04-04,SMB,active
1992,3986,2023-12-02,Mid-Market,active
1993,322,2025-04-02,Enterprise,active
1994,931,2024-03-10,Mid-Market,active
1995,3702,2023-11-29,SMB,churned
1996,1708,2024-02-25,SMB,active
1997,851,2024-10-30,SMB,active
1998,889,2023-10-20,Mid-Market,active
1999,674,2023-03-23,Enterprise,active
2000,3658,2024-11-30,SMB,active
