rep_id,name,email,region,start_date,is_active
1,Adam Rodriguez,kingsteven@example.com,North,2022-10-16,True
2,Carla Coleman,ralphknight@example.org,North,2022-09-10,True
3,Dale Hopkins,william51@example.org,North,2023-07-07,True
4,Felicia Flores,stacey58@example.com,North,2022-05-04,True
5,Mr. Brandon Fuller DDS,pnichols@example.net,North,2023-02-11,True
6,Sierra Cordova,janetdalton@example.com,North,2023-08-16,True
7,Vanessa Mcgee,helen89@example.com,North,2023-08-23,True
8,Elizabeth Rogers,lewisnoah@example.net,North,2023-04-24,True
9,Robert Lawrence,trevorruiz@example.org,North,2022-10-13,True
10,Shane Weiss,eric89@example.com,North,2022-10-10,True
11,Crystal Lyons,newtonchristopher@example.com,South,2022-03-30,True
12,Karen Berg,mcdowellshawn@example.com,South,2023-03-20,True
13,Margaret Brown,taylordaniel@example.com,South,2024-05-31,True
14,Melissa Wang MD,valerieliu@example.com,South,2023-09-18,True
15,Jennifer Bentley,greenespencer@example.com,South,2022-07-17,True
16,Steven Murray,goldenwilliam@example.net,South,2024-06-24,True
17,Chris Park,bradley85@example.com,South,2022-05-23,True
18,Savannah Willis,peter85@example.com,South,2023-09-21,True
19,Christopher Hughes,dawn43@example.net,South,2023-06-10,True
20,John Blevins,dalton49@example.net,South,2024-03-09,True
21,David Ryan,ischwartz@example.org,East,2023-03-30,True
22,Jean Williams,yrobinson@example.com,East,2022-05-19,True
23,Tony Tyler,powellalex@example.net,East,2022-04-04,True
24,Kenneth Rivas,wbrock@example.org,East,2022-12-14,True
25,Kyle Lee,scottcrane@example.com,East,2023-09-24,True
26,Ricky Franklin,coryjohnson@example.net,East,2023-02-26,True
27,Rachel Gonzalez,jon63@example.com,East,2022-04-06,True
28,Daniel Lopez,richard57@example.com,East,2023-04-08,False
29,Jamie Stevens,beckygarrison@example.com,East,2022-03-29,True
30,Elizabeth Warner,tiffanythomas@example.com,East,2024-03-20,True
31,Diana Welch,zwright@example.org,West,2023-07-16,True
32,Stephanie Hunt,dscott@example.net,West,2024-01-04,True
33,Jeffrey Martin,michaelnguyen@example.net,West,2023-10-02,True
34,Harold Goodman,monroesandra@example.org,West,2023-07-15,True
35,Christian Jones,hamiltontimothy@example.org,West,2023-08-21,True
36,James Butler,cassidyrosario@example.net,West,2023-11-15,True
37,Grace Jacobs,adam16@example.com,West,2022-07-26,True
38,Diane Singh,samuel26@example.net,West,2023-09-21,True
39,Julie Richards,allison89@example.net,West,2023-03-16,True
40,Wendy Holmes,reginaldtaylor@example.org,West,2023-11-15,True
41,Steven Flores,cingram@example.org,International,2024-02-04,False
42,Melissa Buckley,jasonjuarez@example.org,International,2024-01-19,True
43,Paul Espinoza,ronald08@example.net,International,2022-07-08,True
44,Stephanie Mejia,youngtimothy@example.net,International,2022-07-30,True
45,Nicholas Fisher,brucejoseph@example.org,International,2023-09-19,True
46,Jessica White,martinharrison@example.com,International,2022-08-22,True
47,Theresa George,yshaw@example.net,International,2024-05-10,True
48,Brianna Andrews,brandonyu@example.net,International,2023-05-22,True
49,Monica Acosta,xbush@example.net,International,2023-03-12,True
50,Connie Smith,wwood@example.org,International,2024-05-12,True
